{"cameraMode":{"drawMode":0,"name":"Shaded","section":"Shading Mode"},"sceneLighting":true,"audioPlay":false,"sceneViewState":{"m_AlwaysRefresh":false,"showFog":true,"showSkybox":true,"showFlares":true,"showImageEffects":true,"showParticleSystems":true,"showVisualEffectGraphs":true,"m_FxEnabled":true},"in2DMode":false,"pivot":{"x":-47.21854019165039,"y":-23.349702835083009,"z":23.176881790161134},"rotation":{"x":0.6009123921394348,"y":-0.017183955758810045,"z":0.012927573174238205,"w":0.7990362644195557},"size":15.079047203063965,"orthographic":false}