{"cameraMode":{"drawMode":0,"name":"Shaded","section":"Shading Mode"},"sceneLighting":true,"audioPlay":false,"sceneViewState":{"m_AlwaysRefresh":false,"showFog":true,"showSkybox":true,"showFlares":true,"showImageEffects":true,"showParticleSystems":true,"showVisualEffectGraphs":true,"m_FxEnabled":true},"in2DMode":false,"pivot":{"x":21.962648391723634,"y":-3.759082317352295,"z":15.971938133239746},"rotation":{"x":0.2666472792625427,"y":-0.49258020520210268,"z":0.15870165824890138,"w":0.8138047456741333},"size":11.161605834960938,"orthographic":false}