{"cameraMode":{"drawMode":0,"name":"Shaded","section":"Shading Mode"},"sceneLighting":true,"audioPlay":false,"sceneViewState":{"m_AlwaysRefresh":false,"showFog":true,"showSkybox":true,"showFlares":true,"showImageEffects":true,"showParticleSystems":true,"showVisualEffectGraphs":true,"m_FxEnabled":true},"in2DMode":false,"pivot":{"x":-125.08960723876953,"y":-3.9355225563049318,"z":28.097434997558595},"rotation":{"x":-0.02685762383043766,"y":0.6612982153892517,"z":-0.023676782846450807,"w":-0.7493382096290588},"size":43.011390686035159,"orthographic":false}