{"cameraMode":{"drawMode":0,"name":"Shaded","section":"Shading Mode"},"sceneLighting":true,"audioPlay":false,"sceneViewState":{"m_AlwaysRefresh":false,"showFog":true,"showSkybox":true,"showFlares":true,"showImageEffects":true,"showParticleSystems":true,"showVisualEffectGraphs":true,"m_FxEnabled":true},"in2DMode":false,"pivot":{"x":-123.46086120605469,"y":-13.149263381958008,"z":31.219406127929689},"rotation":{"x":-0.06840364634990692,"y":0.6443690061569214,"z":-0.05801644176244736,"w":-0.7595053911209106},"size":41.54233169555664,"orthographic":false}