{"cameraMode":{"drawMode":0,"name":"Shaded","section":"Shading Mode"},"sceneLighting":true,"audioPlay":false,"sceneViewState":{"m_AlwaysRefresh":false,"showFog":true,"showSkybox":true,"showFlares":true,"showImageEffects":true,"showParticleSystems":true,"showVisualEffectGraphs":true,"m_FxEnabled":true},"in2DMode":false,"pivot":{"x":-47.37636947631836,"y":1.2992091178894044,"z":16.757713317871095},"rotation":{"x":0.002000365871936083,"y":0.9979932308197022,"z":-0.04174994304776192,"w":0.04774172976613045},"size":1.711025595664978,"orthographic":false}