{"cameraMode":{"drawMode":0,"name":"Shaded","section":"Shading Mode"},"sceneLighting":true,"audioPlay":false,"sceneViewState":{"m_AlwaysRefresh":false,"showFog":true,"showSkybox":true,"showFlares":true,"showImageEffects":true,"showParticleSystems":true,"showVisualEffectGraphs":true,"m_FxEnabled":true},"in2DMode":false,"pivot":{"x":11.115488052368164,"y":-28.969900131225587,"z":25.30451774597168},"rotation":{"x":0.546027660369873,"y":-0.06762317568063736,"z":0.043930359184741977,"w":0.8346362113952637},"size":32.00168228149414,"orthographic":false}