{"cameraMode":{"drawMode":0,"name":"Shaded","section":"Shading Mode"},"sceneLighting":true,"audioPlay":false,"sceneViewState":{"m_AlwaysRefresh":false,"showFog":true,"showSkybox":true,"showFlares":true,"showImageEffects":true,"showParticleSystems":true,"showVisualEffectGraphs":true,"m_FxEnabled":true},"in2DMode":false,"pivot":{"x":-51.285545349121097,"y":-5.606220245361328,"z":57.35355758666992},"rotation":{"x":0.07019519805908203,"y":-0.04048661142587662,"z":0.0028576005715876819,"w":0.9967284202575684},"size":26.511140823364259,"orthographic":false}