{"cameraMode":{"drawMode":0,"name":"Shaded","section":"Shading Mode"},"sceneLighting":true,"audioPlay":false,"sceneViewState":{"m_AlwaysRefresh":false,"showFog":true,"showSkybox":true,"showFlares":true,"showImageEffects":true,"showParticleSystems":true,"showVisualEffectGraphs":true,"m_FxEnabled":true},"in2DMode":false,"pivot":{"x":12.132852554321289,"y":0.5114452242851257,"z":17.005516052246095},"rotation":{"x":-0.08321717381477356,"y":-0.5595837235450745,"z":0.05670493096113205,"w":-0.8233839273452759},"size":8.956027030944825,"orthographic":false}