{"cameraMode":{"drawMode":0,"name":"Shaded","section":"Shading Mode"},"sceneLighting":true,"audioPlay":false,"sceneViewState":{"m_AlwaysRefresh":false,"showFog":true,"showSkybox":false,"showFlares":true,"showImageEffects":true,"showParticleSystems":true,"showVisualEffectGraphs":true,"m_FxEnabled":true},"in2DMode":false,"pivot":{"x":23.72893714904785,"y":6.876272678375244,"z":18.20911407470703},"rotation":{"x":-0.00018873238877858967,"y":-0.9997267723083496,"z":-0.021197756752371789,"w":0.025342896580696107},"size":0.7215203642845154,"orthographic":false}